Timestamp,Sensor 2,Sensor 5,Sensor 1,Sensor 4,Sensor 3
2025-01-24 14:18:49.325689,23.312,20.812,25.562,23.5,25.5
2025-01-24 14:18:54.540833,23.875,21.187,25.75,23.812,26.0
2025-01-24 14:18:59.589400,24.312,21.562,27.062,24.0,26.375
2025-01-24 14:19:04.778761,24.75,21.562,66.125,24.25,26.687
2025-01-24 14:19:09.893459,40.5,22.437,74.5,24.5,27.0
2025-01-24 14:19:14.948714,64.375,22.875,76.625,24.687,57.5
2025-01-24 14:19:20.004576,64.375,23.187,77.125,24.875,70.312
2025-01-24 14:19:25.060755,73.812,23.5,77.125,56.937,74.375
2025-01-24 14:19:30.184164,74.875,23.812,77.0,68.562,75.875
2025-01-24 14:19:35.239529,74.812,61.437,76.875,71.812,76.5
2025-01-24 14:19:40.291540,75.0,72.375,76.75,73.0,76.75
2025-01-24 14:19:45.380218,74.75,75.0,76.562,73.625,76.937
2025-01-24 14:19:50.435747,74.562,75.187,76.437,73.937,76.875
2025-01-24 14:19:55.460390,74.375,74.812,76.25,74.25,76.812
2025-01-24 14:20:00.622705,74.375,74.125,76.0,74.375,76.75
2025-01-24 14:20:05.668402,73.937,73.687,75.812,74.375,76.562
2025-01-24 14:20:10.781068,73.625,73.062,75.687,74.375,76.375
2025-01-24 14:20:15.876659,73.625,72.625,75.437,74.25,76.187
2025-01-24 14:20:21.062044,73.125,72.187,75.25,74.125,75.937
2025-01-24 14:20:26.148666,72.937,71.625,75.062,74.0,75.687
2025-01-24 14:20:31.397916,72.562,71.625,74.812,73.812,75.437
2025-01-24 14:20:36.452558,72.562,70.875,74.625,73.687,75.437
2025-01-24 14:20:41.507867,72.125,70.437,74.312,73.437,74.875
2025-01-24 14:20:46.581950,71.812,70.125,74.062,73.187,74.625
2025-01-24 14:20:51.651857,71.625,69.75,73.812,73.0,74.312
2025-01-24 14:20:56.747708,71.375,69.375,73.562,72.687,74.062
2025-01-24 14:21:01.797309,71.125,69.0,73.25,72.5,73.75
2025-01-24 14:21:06.856129,71.125,68.687,73.0,72.187,73.375
2025-01-24 14:21:11.880268,70.625,68.687,72.75,71.937,73.062
2025-01-24 14:21:17.063107,70.437,68.0,72.5,71.625,72.812
2025-01-24 14:21:22.144662,70.25,67.687,72.187,71.375,72.562
2025-01-24 14:21:27.333516,69.937,67.312,72.0,71.25,72.187
2025-01-24 14:21:32.389432,69.75,67.0,71.687,70.937,71.812
2025-01-24 14:21:37.448073,69.437,66.75,71.437,70.687,71.562
2025-01-24 14:21:42.564729,69.125,66.437,71.187,70.437,71.25
2025-01-24 14:21:47.657114,68.875,66.187,70.937,70.187,70.937
2025-01-24 14:21:52.677484,68.687,65.875,70.687,69.875,70.625
2025-01-24 14:21:57.801401,68.375,65.625,70.437,69.625,70.375
2025-01-24 14:22:02.853458,68.062,65.375,70.187,69.312,70.062
2025-01-24 14:22:07.941719,67.75,65.125,69.937,69.062,69.812
2025-01-24 14:22:12.966515,67.75,64.875,69.625,68.75,69.5
2025-01-24 14:22:17.989978,67.25,64.875,69.375,68.5,69.187
2025-01-24 14:22:23.237142,67.062,64.312,69.187,68.25,69.0
2025-01-24 14:22:28.369670,66.812,64.125,69.0,68.062,68.75
2025-01-24 14:22:33.547123,66.812,63.812,68.875,67.812,68.437
2025-01-24 14:22:38.659545,66.437,63.562,68.875,67.562,68.187
2025-01-24 14:22:43.717840,66.25,63.312,68.375,67.375,68.0
2025-01-24 14:22:48.774114,66.062,63.125,68.187,67.062,67.75
2025-01-24 14:22:53.828892,65.875,63.125,67.937,66.812,67.562
2025-01-24 14:22:58.853118,65.687,62.625,67.812,66.625,67.312
2025-01-24 14:23:03.909968,65.562,62.375,67.625,66.375,67.062
2025-01-24 14:23:08.966523,65.375,62.125,67.437,66.187,66.75
2025-01-24 14:23:14.023142,65.062,61.875,67.25,65.875,66.562
2025-01-24 14:23:19.204838,64.937,61.625,67.0,65.625,66.312
2025-01-24 14:23:24.261723,64.75,61.437,66.812,65.375,66.125
2025-01-24 14:23:29.445110,64.562,61.25,66.562,65.187,66.0
2025-01-24 14:23:34.468518,64.375,61.0,66.375,65.0,65.75
2025-01-24 14:23:39.560107,64.187,60.812,66.25,64.75,65.562
2025-01-24 14:23:44.581483,64.062,60.625,66.0,64.5,65.375
2025-01-24 14:23:49.610629,63.875,60.437,65.875,64.312,65.25
2025-01-24 14:23:54.629863,63.687,60.25,65.687,64.125,65.062
2025-01-24 14:23:59.719416,63.5,60.062,65.5,63.875,64.875
2025-01-24 14:24:04.808073,63.5,59.875,65.375,63.687,64.687
2025-01-24 14:24:09.829426,63.125,59.687,65.125,63.5,64.437
2025-01-24 14:24:15.076680,63.125,59.687,64.937,63.25,64.25
2025-01-24 14:24:20.134733,62.75,59.312,64.75,63.062,64.062
2025-01-24 14:24:25.285660,62.562,59.125,64.625,62.875,63.875
2025-01-24 14:24:30.310045,62.375,58.937,64.5,62.687,63.687
2025-01-24 14:24:35.364706,62.187,58.687,64.375,62.5,63.5
2025-01-24 14:24:40.420687,62.062,58.5,64.125,62.312,63.312
2025-01-24 14:24:45.478363,61.875,58.312,64.0,62.125,63.125
2025-01-24 14:24:50.533054,61.75,58.187,63.75,62.0,62.937
2025-01-24 14:24:55.588158,61.625,58.0,63.625,61.875,62.812
2025-01-24 14:25:00.644942,61.437,57.812,63.375,61.687,62.625
2025-01-24 14:25:05.702141,61.312,57.687,63.25,61.5,62.437
2025-01-24 14:25:10.820972,61.062,57.5,63.062,61.375,62.312
2025-01-24 14:25:15.877772,60.937,57.312,62.937,61.187,62.062
2025-01-24 14:25:21.092222,60.937,57.187,62.75,60.937,61.875
2025-01-24 14:25:26.118174,60.562,57.187,62.625,60.75,61.75
2025-01-24 14:25:31.141032,60.375,56.812,62.437,60.5,61.562
2025-01-24 14:25:36.198315,60.25,56.625,62.25,60.312,61.375
2025-01-24 14:25:41.256891,60.062,56.437,62.125,60.187,61.187
2025-01-24 14:25:46.310197,59.937,56.25,61.937,60.0,61.125
2025-01-24 14:25:51.364644,59.75,56.062,61.812,59.812,60.937
2025-01-24 14:25:56.421845,59.625,55.875,61.687,59.625,60.812
2025-01-24 14:26:01.446727,59.625,55.875,61.5,59.5,60.687
2025-01-24 14:26:06.504088,59.375,55.625,61.375,59.312,60.5
2025-01-24 14:26:11.558086,59.25,55.437,61.187,59.25,60.375
2025-01-24 14:26:16.584072,59.125,55.312,61.062,59.062,60.187
2025-01-24 14:26:21.638585,59.0,55.187,60.875,58.937,60.125
2025-01-24 14:26:26.853975,58.75,55.062,60.75,58.812,59.937
2025-01-24 14:26:31.909555,58.625,55.062,60.562,58.687,59.75
2025-01-24 14:26:37.029110,58.5,54.75,60.375,58.5,59.625
2025-01-24 14:26:42.118463,58.5,54.562,60.312,58.375,59.5
2025-01-24 14:26:47.141599,58.25,54.437,60.187,58.25,59.312
2025-01-24 14:26:52.165445,58.25,54.25,60.062,58.0,59.187
2025-01-24 14:26:57.254944,58.0,54.125,59.875,57.875,59.062
2025-01-24 14:27:02.310928,57.875,53.937,59.812,57.75,58.937
2025-01-24 14:27:07.439435,57.75,53.75,59.625,57.562,58.75
2025-01-24 14:27:12.485343,57.625,53.625,59.375,57.375,58.625
2025-01-24 14:27:17.544095,57.437,53.5,59.312,57.25,58.5
2025-01-24 14:27:22.630071,57.437,53.375,59.187,57.125,58.375
2025-01-24 14:27:27.686548,57.187,53.25,59.125,56.937,58.25
2025-01-24 14:27:32.838389,57.062,53.125,58.937,56.75,58.125
2025-01-24 14:27:37.892159,56.937,52.937,58.812,56.625,58.0
2025-01-24 14:27:43.078927,56.937,52.812,58.625,56.5,57.875
2025-01-24 14:27:48.100405,56.625,52.687,58.5,56.437,57.75
2025-01-24 14:27:53.128299,56.562,52.562,58.312,56.312,57.687
2025-01-24 14:27:58.181418,56.437,52.437,58.25,56.125,57.562
2025-01-24 14:28:03.252609,56.437,52.312,58.125,56.062,57.375
2025-01-24 14:28:08.262554,56.062,52.25,58.0,55.875,57.25
2025-01-24 14:28:13.285719,55.937,52.125,57.875,55.75,57.125
2025-01-24 14:28:18.370918,55.875,52.0,57.687,55.625,57.0
2025-01-24 14:28:23.431526,55.75,51.812,57.562,55.5,56.937
2025-01-24 14:28:28.614013,55.625,51.687,57.437,55.375,56.812
2025-01-24 14:28:33.669159,55.625,51.562,57.312,55.25,56.687
2025-01-24 14:28:38.821455,55.625,51.437,57.187,55.125,56.562
2025-01-24 14:28:43.877980,55.25,51.25,57.125,55.0,56.437
2025-01-24 14:28:48.934698,55.187,51.187,57.0,54.875,56.375
2025-01-24 14:28:53.959068,55.062,51.187,56.875,54.75,56.187
2025-01-24 14:28:59.047441,54.937,51.0,56.687,54.625,56.062
2025-01-24 14:29:04.102670,54.812,50.875,56.562,54.437,56.0
2025-01-24 14:29:09.160101,54.75,50.75,56.437,54.375,55.875
2025-01-24 14:29:14.214051,54.625,50.625,56.375,54.25,55.75
2025-01-24 14:29:19.270358,54.562,50.5,56.25,54.125,55.687
2025-01-24 14:29:24.453408,54.437,50.375,56.062,54.062,55.562
2025-01-24 14:29:29.478461,54.312,50.25,56.0,54.0,55.437
2025-01-24 14:29:34.661756,54.25,50.187,55.875,53.812,55.25
2025-01-24 14:29:39.717667,54.125,50.062,55.812,53.687,55.187
2025-01-24 14:29:44.805511,54.062,49.937,55.687,53.562,55.125
2025-01-24 14:29:49.861783,53.875,49.937,55.5,53.437,55.0
2025-01-24 14:29:54.885717,53.75,49.687,55.375,53.375,54.812
2025-01-24 14:29:59.941713,53.625,49.5,55.312,53.25,54.687
2025-01-24 14:30:04.996570,53.5,49.437,55.25,53.125,54.562
2025-01-24 14:30:10.054363,53.437,49.312,55.125,53.0,54.5
2025-01-24 14:30:15.109843,53.25,49.25,55.0,52.875,54.437
2025-01-24 14:30:20.134102,53.187,49.062,54.937,52.812,54.312
2025-01-24 14:30:25.158284,53.062,49.0,54.812,52.687,54.187
2025-01-24 14:30:30.367087,52.937,48.937,54.687,52.562,54.062
2025-01-24 14:30:35.464603,52.875,48.812,54.562,52.437,53.937
2025-01-24 14:30:40.614142,52.812,48.687,54.437,52.312,53.875
2025-01-24 14:30:45.669629,52.687,48.625,54.312,52.187,53.75
2025-01-24 14:30:50.726554,52.625,48.625,54.187,52.125,53.625
2025-01-24 14:30:55.782324,52.5,48.437,54.062,51.937,53.562
2025-01-24 14:31:00.838809,52.375,48.312,54.0,51.875,53.437
2025-01-24 14:31:05.896092,52.312,48.25,53.875,51.75,53.312
2025-01-24 14:31:10.952081,52.187,48.062,53.75,51.687,53.25
2025-01-24 14:31:15.974758,52.125,48.0,53.687,51.562,53.187
2025-01-24 14:31:20.998319,52.0,47.875,53.562,51.5,53.062
2025-01-24 14:31:26.056144,52.0,47.75,53.5,51.375,53.0
2025-01-24 14:31:31.110557,51.812,47.75,53.375,51.25,52.875
2025-01-24 14:31:36.168282,51.687,47.562,53.312,51.125,52.687
2025-01-24 14:31:41.222931,51.625,47.5,53.187,51.062,52.625
2025-01-24 14:31:46.481037,51.5,47.375,53.125,50.937,52.5
2025-01-24 14:31:51.525097,51.437,47.312,53.0,50.812,52.437
2025-01-24 14:31:56.710756,51.312,47.187,52.937,50.75,52.312
2025-01-24 14:32:01.766286,51.187,47.125,52.812,50.625,52.25
2025-01-24 14:32:06.823393,51.062,47.0,52.562,50.5,52.125
2025-01-24 14:32:11.878883,51.0,46.937,52.437,50.437,52.0
2025-01-24 14:32:16.935059,50.937,46.812,52.375,50.312,51.875
2025-01-24 14:32:21.990296,50.812,46.687,52.25,50.187,51.75
2025-01-24 14:32:27.078475,50.75,46.625,52.187,50.125,51.687
2025-01-24 14:32:32.133150,50.687,46.5,52.125,50.0,51.625
2025-01-24 14:32:37.160956,50.562,46.437,52.062,49.875,51.562
2025-01-24 14:32:42.345616,50.562,46.25,51.937,49.812,51.437
2025-01-24 14:32:47.401653,50.562,46.25,51.812,49.625,51.312
2025-01-24 14:32:52.583049,50.25,46.125,51.75,49.562,51.25
2025-01-24 14:32:57.638714,50.187,46.062,51.625,49.437,51.125
2025-01-24 14:33:02.695152,50.062,45.937,51.5,49.375,51.062
2025-01-24 14:33:07.718099,49.937,45.875,51.437,49.25,51.0
2025-01-24 14:33:12.805700,49.875,45.75,51.375,49.125,50.875
2025-01-24 14:33:17.834107,49.812,45.687,51.312,49.062,50.812
2025-01-24 14:33:22.886203,49.687,45.625,51.187,48.937,50.687
2025-01-24 14:33:27.942759,49.625,45.562,51.125,48.875,50.625
2025-01-24 14:33:32.965136,49.562,45.5,51.0,48.812,50.562
2025-01-24 14:33:37.990543,49.5,45.375,50.937,48.812,50.5
2025-01-24 14:33:43.048126,49.375,45.25,50.812,48.625,50.375
2025-01-24 14:33:48.134960,49.375,45.187,50.75,48.562,50.25
2025-01-24 14:33:53.260147,49.187,45.125,50.687,48.5,50.187
2025-01-24 14:33:58.439839,49.125,45.062,50.562,48.375,50.062
2025-01-24 14:34:03.495557,49.062,44.937,50.437,48.312,50.0
2025-01-24 14:34:08.680406,48.937,44.875,50.375,48.25,49.875
2025-01-24 14:34:13.703271,48.812,44.812,50.312,48.125,49.812
2025-01-24 14:34:18.745672,48.75,44.687,50.187,48.062,49.75
2025-01-24 14:34:23.750902,48.75,44.625,50.062,48.0,49.625
2025-01-24 14:34:28.840960,48.562,44.5,50.0,47.875,49.562
2025-01-24 14:34:33.861911,48.5,44.437,49.937,47.812,49.5
2025-01-24 14:34:38.885893,48.375,44.437,49.875,47.75,49.375
2025-01-24 14:34:43.974265,48.312,44.437,49.812,47.687,49.312
2025-01-24 14:34:48.999698,48.25,44.187,49.687,47.562,49.25
2025-01-24 14:34:54.054143,48.125,44.125,49.625,47.5,49.125
2025-01-24 14:34:59.114251,48.125,44.062,49.562,47.437,49.062
2025-01-24 14:35:04.264009,48.0,44.0,49.5,47.312,49.0
2025-01-24 14:35:09.318356,47.875,43.875,49.437,47.25,48.875
2025-01-24 14:35:14.533417,47.812,43.812,49.312,47.125,48.812
2025-01-24 14:35:19.593871,47.75,43.75,49.25,47.062,48.687
2025-01-24 14:35:24.680106,47.75,43.687,49.125,46.937,48.625
2025-01-24 14:35:29.735563,47.562,43.562,49.0,46.875,48.562
2025-01-24 14:35:34.758637,47.5,43.5,48.937,46.812,48.5
2025-01-24 14:35:39.819541,47.437,43.437,48.812,46.75,48.437
2025-01-24 14:35:44.870489,47.375,43.312,48.75,46.625,48.312
2025-01-24 14:35:49.926317,47.25,43.25,48.687,46.562,48.25
2025-01-24 14:35:54.982529,47.25,43.187,48.625,46.5,48.187
2025-01-24 14:36:00.041901,47.125,43.125,48.562,46.375,48.125
2025-01-24 14:36:05.094558,47.0,43.125,48.5,46.25,48.062
2025-01-24 14:36:10.342740,46.937,43.0,48.375,46.187,48.0
2025-01-24 14:36:15.367065,46.875,42.937,48.312,46.125,47.875
2025-01-24 14:36:20.487266,46.875,42.875,48.187,46.062,47.812
2025-01-24 14:36:25.543719,46.687,42.812,48.125,46.0,47.75
2025-01-24 14:36:30.566296,46.625,42.75,48.0,45.937,47.625
2025-01-24 14:36:35.623216,46.562,42.687,47.937,45.875,47.562
2025-01-24 14:36:40.647365,46.437,42.625,47.812,45.75,47.5
2025-01-24 14:36:45.670725,46.437,42.5,47.75,45.75,47.375
2025-01-24 14:36:50.695968,46.375,42.437,47.687,45.562,47.312
2025-01-24 14:36:55.814815,46.25,42.375,47.562,45.5,47.312
2025-01-24 14:37:00.906069,46.187,42.312,47.5,45.437,47.125
2025-01-24 14:37:06.119231,46.125,42.187,47.437,45.375,47.062
2025-01-24 14:37:11.174915,46.062,42.125,47.375,45.312,47.0
2025-01-24 14:37:16.296239,46.0,42.062,47.312,45.25,46.937
2025-01-24 14:37:21.352443,46.0,42.0,47.25,45.187,46.875
2025-01-24 14:37:26.458565,46.0,41.937,47.125,45.062,46.812
2025-01-24 14:37:31.493985,45.75,41.875,47.062,45.0,46.812
2025-01-24 14:37:36.550473,45.687,41.812,47.0,44.937,46.625
2025-01-24 14:37:41.607253,45.625,41.75,46.937,44.875,46.562
2025-01-24 14:37:46.676134,45.625,41.625,46.875,44.75,46.5
2025-01-24 14:37:51.783534,45.437,41.625,46.75,44.687,46.5
2025-01-24 14:37:56.909102,45.375,41.5,46.75,44.625,46.375
2025-01-24 14:38:02.022767,45.312,41.437,46.687,44.562,46.25
2025-01-24 14:38:07.079842,45.187,41.312,46.562,44.437,46.187
2025-01-24 14:38:12.327798,45.125,41.312,46.5,44.375,46.125
2025-01-24 14:38:17.382841,45.062,41.187,46.375,44.312,46.062
2025-01-24 14:38:22.469831,45.062,41.125,46.312,44.25,46.0
2025-01-24 14:38:27.527782,44.937,41.062,46.25,44.187,45.937
2025-01-24 14:38:32.582314,44.875,41.0,46.125,44.125,45.875
2025-01-24 14:38:37.639228,44.812,40.937,46.062,44.0,45.812
2025-01-24 14:38:42.695142,44.75,40.875,46.0,44.0,45.75
2025-01-24 14:38:47.752307,44.687,40.812,45.937,43.937,45.625
2025-01-24 14:38:52.774722,44.625,40.75,45.875,43.875,45.562
2025-01-24 14:38:57.895395,44.562,40.687,45.812,43.812,45.5
2025-01-24 14:39:02.953386,44.5,40.625,45.75,43.75,45.437
2025-01-24 14:39:08.136086,44.437,40.562,45.687,43.687,45.437
2025-01-24 14:39:13.192971,44.312,40.562,45.625,43.625,45.312
2025-01-24 14:39:18.216856,44.25,40.437,45.562,43.562,45.312
2025-01-24 14:39:23.270939,44.25,40.375,45.5,43.5,45.25
2025-01-24 14:39:28.296076,44.125,40.312,45.437,43.437,45.187
2025-01-24 14:39:33.350602,44.062,40.25,45.375,43.375,45.062
2025-01-24 14:39:38.407080,44.0,40.25,45.312,43.25,45.0
2025-01-24 14:39:43.467142,43.937,40.125,45.187,43.25,45.0
2025-01-24 14:39:48.487432,43.937,40.062,45.125,43.125,44.875
2025-01-24 14:39:53.575988,43.937,40.062,45.062,43.062,44.812
2025-01-24 14:39:58.601214,43.75,39.937,45.0,43.0,44.75
2025-01-24 14:40:03.721223,43.75,39.937,44.937,42.937,44.687
2025-01-24 14:40:08.840188,43.75,39.812,44.875,42.875,44.625
2025-01-24 14:40:14.058757,43.625,39.75,44.75,42.812,44.562
2025-01-24 14:40:19.079274,43.5,39.687,44.75,42.75,44.5
2025-01-24 14:40:24.231525,43.5,39.687,44.625,42.687,44.437
2025-01-24 14:40:29.287601,43.375,39.625,44.625,42.687,44.375
2025-01-24 14:40:34.353255,43.312,39.562,44.562,42.562,44.312
2025-01-24 14:40:39.365738,43.25,39.5,44.5,42.5,44.187
2025-01-24 14:40:44.422762,43.187,39.437,44.437,42.5,44.187
2025-01-24 14:40:49.447855,43.125,39.375,44.312,42.375,44.125
2025-01-24 14:40:54.503093,43.062,39.375,44.25,42.375,44.0
2025-01-24 14:40:59.526275,43.0,39.25,44.187,42.312,43.937
2025-01-24 14:41:04.583918,43.0,39.25,44.125,42.25,43.937
2025-01-24 14:41:09.801005,42.875,39.187,44.062,42.187,43.875
2025-01-24 14:41:14.886596,42.812,39.125,44.0,42.125,43.812
2025-01-24 14:41:20.007608,42.812,39.062,43.937,42.062,43.75
2025-01-24 14:41:25.036107,42.812,39.062,43.875,42.0,43.687
2025-01-24 14:41:30.088144,42.687,39.0,43.75,41.937,43.625
2025-01-24 14:41:35.175086,42.625,38.875,43.687,41.875,43.562
2025-01-24 14:41:40.263178,42.562,38.875,43.625,41.812,43.5
2025-01-24 14:41:45.288263,42.5,38.812,43.625,41.75,43.437
2025-01-24 14:41:50.316114,42.375,38.75,43.562,41.75,43.375
2025-01-24 14:41:55.333980,42.375,38.687,43.5,41.687,43.312
2025-01-24 14:42:00.397142,42.312,38.625,43.437,41.625,43.25
2025-01-24 14:42:05.514375,42.25,38.562,43.312,41.562,43.187
2025-01-24 14:42:10.566441,42.25,38.5,43.25,41.5,43.125
2025-01-24 14:42:15.816880,42.187,38.437,43.187,41.437,43.062
2025-01-24 14:42:20.903360,42.125,38.437,43.125,41.375,43.0
2025-01-24 14:42:26.028282,42.125,38.375,43.062,41.312,43.0
2025-01-24 14:42:31.047003,42.0,38.312,43.0,41.25,42.937
2025-01-24 14:42:36.103045,41.937,38.25,42.937,41.187,42.875
2025-01-24 14:42:41.161759,41.875,38.187,42.875,41.125,42.75
2025-01-24 14:42:46.183869,41.875,38.187,42.812,41.062,42.687
2025-01-24 14:42:51.272098,41.75,38.125,42.812,41.0,42.625
2025-01-24 14:42:56.331030,41.687,38.062,42.75,41.0,42.625
2025-01-24 14:43:01.415707,41.625,38.0,42.687,40.937,42.562
2025-01-24 14:43:06.472078,41.562,38.0,42.625,40.875,42.5
2025-01-24 14:43:11.692164,41.562,37.937,42.562,40.812,42.437
2025-01-24 14:43:16.743652,41.5,37.875,42.5,40.75,42.375
2025-01-24 14:43:21.835103,41.437,37.812,42.437,40.687,42.312
2025-01-24 14:43:26.889854,41.375,37.75,42.375,40.625,42.25
2025-01-24 14:43:31.946414,41.375,37.687,42.312,40.562,42.187
2025-01-24 14:43:36.966029,41.25,37.625,42.25,40.5,42.187
2025-01-24 14:43:42.028141,41.25,37.562,42.187,40.375,42.062
2025-01-24 14:43:47.079860,41.187,37.5,42.125,40.312,42.062
2025-01-24 14:43:52.134172,41.125,37.437,42.125,40.25,42.0
2025-01-24 14:43:57.255023,41.062,37.437,42.062,40.187,41.937
2025-01-24 14:44:02.311626,40.937,37.375,42.0,40.187,41.875
2025-01-24 14:44:07.526701,40.937,37.312,41.937,40.125,41.812
2025-01-24 14:44:12.583961,40.875,37.25,41.875,40.062,41.75
2025-01-24 14:44:17.702945,40.875,37.187,41.812,40.0,41.687
2025-01-24 14:44:22.729835,40.812,37.187,41.75,39.937,41.625
2025-01-24 14:44:27.750581,40.812,37.125,41.687,39.937,41.625
2025-01-24 14:44:32.859291,40.687,37.062,41.687,39.812,41.5
2025-01-24 14:44:37.969330,40.562,37.062,41.625,39.812,41.5
2025-01-24 14:44:43.046409,40.562,37.062,41.562,39.812,41.437
2025-01-24 14:44:48.071526,40.5,36.875,41.5,39.75,41.375
2025-01-24 14:44:53.223956,40.437,36.875,41.437,39.687,41.312
2025-01-24 14:44:58.283218,40.437,36.812,41.375,39.625,41.312
2025-01-24 14:45:03.466446,40.437,36.75,41.375,39.562,41.25
2025-01-24 14:45:08.491562,40.312,36.687,41.312,39.562,41.187
2025-01-24 14:45:13.543301,40.312,36.625,41.25,39.5,41.125
2025-01-24 14:45:18.568108,40.312,36.562,41.187,39.437,41.062
2025-01-24 14:45:23.598891,40.125,36.562,41.125,39.375,41.0
2025-01-24 14:45:28.616723,40.125,36.5,41.125,39.375,40.937
2025-01-24 14:45:33.673473,40.125,36.437,41.062,39.312,40.875
2025-01-24 14:45:38.858224,40.0,36.375,41.0,39.25,40.875
2025-01-24 14:45:43.882061,40.0,36.312,40.937,39.187,40.812
2025-01-24 14:45:49.067701,39.937,36.312,40.875,39.125,40.812
2025-01-24 14:45:54.121984,39.875,36.25,40.812,39.062,40.687
2025-01-24 14:45:59.143423,39.812,36.187,40.75,39.0,40.625
2025-01-24 14:46:04.201486,39.75,36.187,40.687,38.875,40.5
2025-01-24 14:46:09.223736,39.75,36.125,40.625,38.875,40.5
2025-01-24 14:46:14.248022,39.687,36.062,40.625,38.812,40.437
2025-01-24 14:46:19.309146,39.625,36.0,40.562,38.812,40.375
2025-01-24 14:46:24.362293,39.562,36.0,40.5,38.75,40.375
2025-01-24 14:46:29.449560,39.562,35.937,40.437,38.687,40.312
2025-01-24 14:46:34.504435,39.5,35.875,40.375,38.625,40.312
2025-01-24 14:46:39.562730,39.437,35.875,40.312,38.562,40.25
2025-01-24 14:46:44.679476,39.375,35.812,40.25,38.5,40.187
2025-01-24 14:46:49.734322,39.312,35.75,40.187,38.437,40.125
2025-01-24 14:46:54.953418,39.25,35.75,40.125,38.437,40.062
2025-01-24 14:47:00.072086,39.25,35.687,40.125,38.375,40.0
2025-01-24 14:47:05.224424,39.187,35.625,40.062,38.312,39.937
2025-01-24 14:47:10.248993,39.125,35.625,40.0,38.312,39.875
2025-01-24 14:47:15.274073,39.062,35.625,40.0,38.25,39.875
2025-01-24 14:47:20.361171,39.062,35.5,39.937,38.187,39.812
2025-01-24 14:47:25.384346,39.0,35.5,39.875,38.187,39.75
2025-01-24 14:47:30.600105,38.937,35.437,39.812,38.062,39.687
2025-01-24 14:47:35.659183,38.937,35.437,39.75,38.062,39.687
2025-01-24 14:47:40.775194,38.937,35.375,39.687,38.062,39.625
2025-01-24 14:47:45.800982,38.812,35.312,39.625,38.0,39.625
2025-01-24 14:47:50.824706,38.75,35.25,39.562,37.937,39.562
2025-01-24 14:47:55.881355,38.75,35.187,39.562,37.937,39.562
2025-01-24 14:48:00.904585,38.687,35.187,39.5,37.875,39.5
2025-01-24 14:48:06.006890,38.625,35.062,39.437,37.875,39.437
2025-01-24 14:48:11.058325,38.562,35.062,39.375,37.812,39.375
2025-01-24 14:48:16.106451,38.562,35.0,39.375,37.75,39.375
2025-01-24 14:48:21.160268,38.562,35.0,39.312,37.687,39.312
2025-01-24 14:48:26.411572,38.562,34.937,39.312,37.687,39.25
2025-01-24 14:48:31.431902,38.375,34.875,39.25,37.625,39.187
2025-01-24 14:48:36.520080,38.375,34.875,39.25,37.562,39.187
2025-01-24 14:48:41.546324,38.312,34.812,39.187,37.5,39.062
2025-01-24 14:48:46.580480,38.312,34.812,39.125,37.437,39.062
2025-01-24 14:48:51.624335,38.312,34.687,39.062,37.375,39.0
2025-01-24 14:48:56.679863,38.187,34.687,39.0,37.312,38.937
2025-01-24 14:49:01.863518,38.125,34.687,39.0,37.312,38.812
2025-01-24 14:49:06.921684,38.125,34.625,38.937,37.25,38.812
2025-01-24 14:49:12.072439,38.062,34.625,38.875,37.25,38.75
2025-01-24 14:49:17.096485,38.0,34.562,38.812,37.187,38.687
2025-01-24 14:49:22.119681,38.0,34.562,38.75,37.125,38.687
2025-01-24 14:49:27.146879,37.937,34.562,38.75,37.125,38.625
2025-01-24 14:49:32.200159,37.937,34.5,38.625,37.062,38.625
2025-01-24 14:49:37.256641,37.937,34.5,38.625,37.0,38.562
2025-01-24 14:49:42.337737,37.937,,38.625,37.0,
2025-01-24 14:49:47.813803,37.937,34.375,38.625,36.937,38.5
2025-01-24 14:49:52.936732,37.75,34.375,38.5,36.937,38.5
2025-01-24 14:49:58.030776,37.75,34.312,38.437,36.937,38.437
2025-01-24 14:50:03.177263,37.625,34.312,38.437,36.937,38.375
2025-01-24 14:50:08.398774,37.625,34.25,38.375,36.812,38.375
2025-01-24 14:50:13.555422,37.625,34.187,38.312,36.75,38.312
2025-01-24 14:50:18.651833,37.5,34.187,38.25,36.75,38.312
2025-01-24 14:50:23.888520,37.437,34.125,38.25,36.687,38.25
2025-01-24 14:50:28.978240,37.437,34.062,38.187,36.687,38.187
2025-01-24 14:50:34.063623,37.375,34.062,38.125,,38.187
2025-01-24 14:50:39.312482,37.375,34.0,38.125,36.562,38.125
2025-01-24 14:50:44.464443,37.312,34.0,38.062,36.562,38.062
2025-01-24 14:50:49.701844,37.25,34.0,38.062,36.5,38.0
2025-01-24 14:50:54.962719,37.187,33.937,38.0,36.437,38.0
2025-01-24 14:51:00.043200,37.125,33.875,37.937,36.375,37.875
2025-01-24 14:51:05.064112,37.125,33.875,37.937,36.375,37.875
2025-01-24 14:51:10.120550,37.062,33.812,37.875,36.312,37.812
2025-01-24 14:51:15.178869,37.062,33.812,37.812,36.25,37.812
2025-01-24 14:51:20.225978,37.0,33.75,37.75,36.25,37.75
2025-01-24 14:51:25.322567,36.937,33.75,37.75,36.187,37.687
2025-01-24 14:51:30.377514,36.937,33.687,37.75,36.187,37.687
2025-01-24 14:51:35.563442,36.875,33.687,37.625,,37.687
2025-01-24 14:51:41.227320,36.812,33.562,37.625,36.062,37.625
2025-01-24 14:51:46.371851,36.812,33.562,37.562,36.062,37.562
2025-01-24 14:51:51.673767,36.75,33.562,37.5,36.0,37.5
2025-01-24 14:51:56.748919,36.687,33.5,37.5,36.0,37.5
2025-01-24 14:52:01.804666,36.687,33.5,37.437,36.0,37.437
2025-01-24 14:52:06.950277,36.625,33.437,37.375,35.875,37.375
2025-01-24 14:52:12.111520,36.625,33.375,37.375,35.875,37.375
2025-01-24 14:52:17.195356,36.562,33.375,37.312,35.875,37.312
2025-01-24 14:52:22.381920,36.5,33.375,37.312,35.812,37.312
2025-01-24 14:52:27.736749,36.437,33.375,37.25,35.75,37.312
2025-01-24 14:52:32.887116,36.437,33.25,37.187,35.75,37.312
2025-01-24 14:52:38.256132,36.437,33.25,37.125,35.75,37.125
2025-01-24 14:52:43.404084,36.375,33.187,37.125,35.625,37.125
2025-01-24 14:52:48.565077,36.312,33.125,37.062,35.625,37.062
2025-01-24 14:52:53.633675,36.312,33.125,37.0,35.562,37.062
2025-01-24 14:52:58.736605,36.25,33.125,36.937,35.562,37.0
2025-01-24 14:53:03.755725,36.187,33.062,36.937,35.5,36.937
2025-01-24 14:53:08.843353,36.187,33.062,36.875,35.5,36.937
2025-01-24 14:53:14.025232,36.125,33.0,36.875,35.375,36.875
2025-01-24 14:53:19.181009,36.125,32.937,36.812,35.375,36.812
2025-01-24 14:53:24.332377,36.062,32.937,36.75,35.375,36.812
2025-01-24 14:53:29.494083,36.062,,36.687,35.312,36.812
2025-01-24 14:53:34.801400,36.0,32.875,36.687,35.312,36.812
2025-01-24 14:53:39.888066,36.0,32.812,36.625,35.187,36.687
2025-01-24 14:53:45.067457,36.0,32.812,36.562,35.187,36.687
2025-01-24 14:53:50.414510,36.0,32.75,36.5,35.125,36.625
2025-01-24 14:53:55.604104,35.875,32.75,36.5,35.125,36.625
2025-01-24 14:54:00.745004,35.812,32.687,36.5,35.0,36.5
2025-01-24 14:54:05.832844,35.812,32.687,36.437,35.0,36.437
2025-01-24 14:54:10.890662,35.812,32.625,36.375,34.937,36.437
2025-01-24 14:54:15.947217,35.812,32.625,36.375,34.937,36.437
2025-01-24 14:54:21.066670,35.687,32.562,36.312,34.875,36.375
2025-01-24 14:54:26.343212,35.625,32.562,36.312,34.875,36.312
2025-01-24 14:54:31.462669,35.625,32.562,36.25,34.812,36.312
2025-01-24 14:54:36.489887,35.625,32.5,36.187,34.75,36.25
2025-01-24 14:54:41.675337,35.625,32.437,36.125,34.75,36.187
2025-01-24 14:54:46.889246,35.5,32.437,36.125,34.687,36.187
2025-01-24 14:54:51.945793,35.437,32.375,36.062,34.687,36.125
2025-01-24 14:54:57.065030,35.437,32.375,36.062,34.687,36.062
2025-01-24 14:55:02.116082,35.375,32.312,36.0,34.625,36.062
2025-01-24 14:55:07.211245,35.375,32.312,35.937,34.625,36.062
2025-01-24 14:55:12.356874,35.312,32.25,35.875,34.562,36.0
2025-01-24 14:55:17.452133,35.312,32.25,35.875,34.562,35.937
2025-01-24 14:55:22.545320,35.312,32.187,35.812,34.5,35.937
2025-01-24 14:55:27.626241,35.25,32.187,35.812,34.5,35.937
2025-01-24 14:55:32.754155,35.187,32.187,35.75,34.437,35.875
2025-01-24 14:55:37.804118,35.125,32.187,35.75,34.437,35.812
2025-01-24 14:55:42.862344,35.125,32.125,35.687,34.375,35.812
2025-01-24 14:55:47.885475,35.062,32.062,35.687,34.312,35.812
2025-01-24 14:55:53.371738,35.062,32.062,35.562,34.312,35.75
2025-01-24 14:55:58.476021,35.0,32.0,35.562,34.25,35.75
2025-01-24 14:56:03.498104,34.937,32.0,35.5,34.25,35.687
2025-01-24 14:56:08.610374,34.937,31.937,35.5,34.25,35.687
2025-01-24 14:56:13.674115,34.875,31.937,35.5,34.187,35.625
2025-01-24 14:56:18.889581,34.875,31.937,35.437,34.125,35.562
2025-01-24 14:56:23.978605,34.875,31.875,35.437,34.125,35.562
2025-01-24 14:56:29.130626,34.875,31.875,35.375,34.062,35.5
2025-01-24 14:56:34.217181,34.812,31.812,35.312,34.062,35.437
2025-01-24 14:56:39.368325,34.812,31.812,35.312,34.0,35.437
2025-01-24 14:56:44.427357,34.75,31.75,35.25,34.0,35.437
2025-01-24 14:56:49.643792,34.687,31.75,35.25,33.937,35.375
2025-01-24 14:56:54.730028,34.687,31.75,35.187,33.937,35.312
2025-01-24 14:56:59.817764,34.625,31.687,35.187,33.875,35.312
2025-01-24 14:57:04.840340,34.562,31.687,35.125,33.812,35.25
2025-01-24 14:57:09.931757,34.562,31.625,35.125,33.812,35.25
2025-01-24 14:57:15.048906,34.5,31.625,35.062,33.812,35.187
2025-01-24 14:57:20.104142,34.5,31.625,35.062,33.812,35.125
2025-01-24 14:57:25.160882,34.437,31.562,35.0,33.687,35.062
2025-01-24 14:57:30.222616,34.437,31.5,34.937,33.625,35.062
2025-01-24 14:57:35.559978,34.375,31.5,34.937,33.625,35.0
2025-01-24 14:57:40.707570,34.375,31.437,34.875,33.625,35.0
2025-01-24 14:57:45.932160,34.312,31.437,34.812,33.562,35.0
2025-01-24 14:57:51.021279,34.312,31.437,34.812,33.562,34.937
2025-01-24 14:57:56.239202,34.312,31.375,34.75,33.5,34.937
2025-01-24 14:58:01.320347,34.25,31.312,34.75,33.437,34.875
2025-01-24 14:58:06.412095,34.25,31.312,34.687,33.437,34.875
2025-01-24 14:58:11.497234,34.187,31.25,34.687,33.437,34.875
2025-01-24 14:58:16.683842,34.187,31.25,34.625,33.375,34.75
2025-01-24 14:58:21.903893,34.125,31.187,34.625,33.375,34.75
2025-01-24 14:58:27.183593,34.062,31.187,34.562,33.375,34.75
2025-01-24 14:58:32.267122,34.062,31.125,34.562,33.312,34.687
2025-01-24 14:58:37.577562,34.062,31.125,34.562,33.25,34.625
2025-01-24 14:58:42.758942,33.937,31.125,34.5,33.25,34.625
2025-01-24 14:58:47.858540,33.937,31.125,34.5,33.25,34.562
2025-01-24 14:58:53.143351,33.937,31.062,34.5,33.187,34.562
2025-01-24 14:58:58.325074,33.937,31.0,34.5,33.125,34.562
2025-01-24 14:59:03.506182,33.812,31.0,34.375,33.125,34.437
2025-01-24 14:59:08.624507,33.812,30.937,34.312,33.062,34.437
2025-01-24 14:59:13.649925,33.812,30.937,34.312,33.0,34.437
2025-01-24 14:59:18.740412,33.812,30.937,34.25,33.0,34.375
2025-01-24 14:59:23.945812,33.812,30.937,34.25,33.0,34.312
2025-01-24 14:59:29.067200,,30.812,34.187,32.937,34.312
2025-01-24 14:59:34.412127,33.687,30.812,34.187,32.937,34.25
2025-01-24 14:59:40.040140,33.687,30.812,34.062,32.937,34.25
2025-01-24 14:59:45.200161,33.562,30.75,34.062,32.812,34.25
2025-01-24 14:59:50.432474,33.562,30.75,34.0,32.812,34.187
2025-01-24 14:59:55.689189,33.562,,,,34.187
2025-01-24 15:00:01.317332,33.5,30.687,33.937,32.75,
2025-01-24 15:00:06.704487,,,,32.75,34.125
2025-01-24 15:00:12.234249,33.437,30.562,,,
2025-01-24 15:00:18.091955,,,33.875,32.75,34.125
2025-01-24 15:00:23.627981,33.437,30.562,33.812,32.625,34.0
2025-01-24 15:00:28.722157,33.312,30.562,33.812,32.625,34.0
2025-01-24 15:00:33.835627,33.312,30.562,33.75,32.562,33.937
2025-01-24 15:00:38.859551,33.312,30.5,33.75,32.562,33.937
2025-01-24 15:00:43.884271,33.25,30.5,33.687,32.562,33.875
2025-01-24 15:00:49.065988,33.187,30.437,33.625,32.5,33.875
2025-01-24 15:00:54.124195,33.187,30.437,33.625,32.5,33.875
2025-01-24 15:00:59.336231,33.187,30.437,33.562,32.5,33.875
2025-01-24 15:01:04.462460,33.125,30.437,33.562,32.437,33.75
2025-01-24 15:01:09.685865,33.125,30.375,33.562,32.437,33.75
2025-01-24 15:01:14.924066,33.125,30.375,33.5,32.375,33.75
2025-01-24 15:01:20.216077,33.062,30.375,33.437,32.375,33.625
2025-01-24 15:01:25.321965,33.062,30.375,33.437,32.312,33.625
2025-01-24 15:01:30.380499,33.062,30.312,33.437,32.312,33.625
2025-01-24 15:01:35.402138,33.0,30.25,33.375,32.312,33.562
2025-01-24 15:01:40.458118,33.0,30.25,33.375,32.25,33.562
2025-01-24 15:01:45.598356,33.0,30.25,33.312,32.187,33.562
2025-01-24 15:01:50.782583,,,33.312,32.187,33.5
2025-01-24 15:01:56.494283,32.937,30.187,33.25,32.125,33.5
2025-01-24 15:02:01.581636,32.875,30.125,33.312,32.125,33.437
2025-01-24 15:02:06.605524,32.875,30.125,33.25,32.062,33.437
2025-01-24 15:02:11.659896,32.812,30.062,33.187,32.062,33.437
2025-01-24 15:02:16.716635,32.812,30.062,33.187,32.062,33.375
2025-01-24 15:02:21.769432,32.75,30.0,33.125,32.062,33.312
2025-01-24 15:02:27.126510,,,,32.062,33.312
2025-01-24 15:02:32.650401,32.687,30.0,33.062,31.937,33.25
2025-01-24 15:02:37.709058,32.625,30.0,33.0,31.937,33.25
2025-01-24 15:02:42.764067,32.625,29.937,33.0,31.937,33.25
2025-01-24 15:02:47.822923,32.625,29.937,32.937,31.937,33.187
2025-01-24 15:02:52.913716,32.625,29.937,32.937,31.875,33.187
2025-01-24 15:02:57.961543,32.562,29.875,32.875,31.875,33.125
2025-01-24 15:03:05.794892,32.5,29.875,32.875,31.875,33.125
